age,sex,on_thyroxine,query_on_thyroxine,on_antithyroid_medication,thyroid_surgery,query_hypothyroid,query_hyperthyroid,pregnant,sick,tumor,lithium,goitre,TSH_measured,TSH,T3_measured,T3,TT4_measured,TT4,T4U_measured,T4U,FTI_measured,FTI,TBG_measured,TBG
69,M,t,f,f,f,f,t,t,t,f,t,f,n,10.807997073447869,y,1.2100555810462361,n,87.81301458882933,y,1.8114764072816256,y,163.11432848081725,y,35.60070893665775
32,M,f,t,f,t,t,t,t,f,t,t,f,n,18.925228253075996,y,3.2230811190456388,n,154.92409399569297,n,1.2728540822963164,y,20.574162977825313,y,39.209062809130046
89,M,t,t,t,t,f,t,f,t,f,f,f,n,2.044260302280658,n,2.2756662164638533,n,90.73810081619465,y,1.9596655239051564,y,170.03966670665451,n,53.232562220848585
78,M,f,t,f,t,t,f,t,t,t,t,f,y,30.950868828460855,y,1.5506547401009407,n,169.2495597271726,n,1.4029030933114404,n,19.81074079615744,n,6.755249327842615
38,M,f,t,t,f,f,f,f,f,f,f,t,n,16.89405532294745,y,2.624543586749599,n,122.43466444983457,y,0.8357735988594809,y,13.466071471388599,y,22.97963655338716
41,M,f,t,t,f,t,t,f,t,t,f,f,n,32.820559505499034,y,1.945000963892346,n,31.43212932620024,n,1.7326859552666738,n,142.4226778496201,y,54.330646130279554
20,M,t,f,f,f,t,f,t,t,f,f,t,n,19.331291386181697,y,1.6339627703667634,y,26.62793617447845,n,1.0176239417335802,n,199.47855160599494,y,43.20966149933062
39,M,t,f,t,f,t,f,t,t,t,t,t,y,34.112522081742206,n,2.6152530928899798,y,44.093381384113975,y,1.0214288217240253,y,180.35594996506396,n,33.348297012657184
70,M,t,f,t,t,f,f,f,f,f,t,t,n,17.09716601626558,n,1.246172463290864,n,22.46095366885951,n,0.5477070222277477,y,119.43969938307539,n,73.08185876724922
19,M,t,t,t,t,f,f,t,t,f,f,f,n,13.108656958971565,y,1.4907575870572956,n,33.56463086344321,y,1.323072963811113,y,184.305166486251,n,69.40238897959351
47,F,f,t,t,f,t,t,f,f,t,f,t,y,24.85226896924097,n,1.803355533464814,y,144.50859149040417,y,1.3016352555987845,n,11.00700121554503,n,16.75640292333898
55,F,t,t,f,t,f,f,f,t,t,t,t,n,34.675228898727774,y,1.2610465216194162,n,116.18232950530336,y,1.0339872264079792,y,195.26276095957707,n,87.87504862580649
19,M,t,f,t,t,t,f,f,t,f,f,f,n,17.48199656221455,n,1.7156062603442512,y,154.98393490459492,y,1.8413258943438886,n,103.24226805916905,y,49.592820277756175
81,M,t,t,f,t,t,t,f,t,t,f,t,y,46.83874277759979,y,2.214419075615032,y,184.3698354063757,n,0.6931225974494659,y,147.35025835813738,n,74.17194502279064
77,M,t,t,t,f,f,t,f,f,f,f,t,n,2.055397701114748,y,2.722921582732005,y,125.32691581858495,n,0.9951492699652331,n,165.963679899137,y,57.357769840813134
38,M,t,f,t,f,f,f,t,t,t,t,f,y,20.955506982607382,y,2.801584559325715,y,150.70175193293267,n,0.9823741470200436,n,146.5068814589452,y,99.76949233079195
50,M,f,t,t,t,t,f,t,t,f,t,t,y,48.38226952086035,y,2.9683710556300795,y,156.27461636764207,y,0.6384358793431191,y,111.656979088533,y,75.26507169187839
75,M,t,f,t,f,f,f,f,f,f,t,t,n,27.443796974079557,y,2.732634970829894,n,88.01309886964155,n,1.2217180910844399,n,100.55770198401828,n,70.72734807822155
39,M,f,f,f,f,f,f,f,t,f,f,t,n,21.231200021175116,y,2.543118281290727,y,63.395269819333734,y,1.5316770756441245,n,169.3306861534987,n,77.87933671117003
66,M,t,f,f,f,t,f,t,f,f,f,f,n,28.46916215912292,n,1.2125194138774098,n,56.908159131174486,n,1.267485520320892,y,48.96473642839723,n,14.398485756292114
76,F,f,t,t,f,t,f,t,f,f,f,f,n,28.838636305378422,y,1.7006686786160745,n,65.25963911212372,n,0.7354665240742906,n,193.91887263580452,y,20.534004857629384
59,M,t,t,t,f,f,t,f,t,f,t,f,y,36.60922298945205,n,1.9331446726406831,y,69.45172346466359,n,1.0659289478631089,y,145.08097097898218,y,71.43500181413906
77,F,t,t,f,t,t,f,t,f,t,f,t,n,6.471717498181032,y,0.7486739650800627,y,57.30097682145016,y,0.5038925365754698,n,47.906316194280755,y,49.448750564373185
32,M,f,t,t,f,t,f,f,t,t,f,t,y,12.575820815883622,n,2.0851103638916273,n,178.0797201462546,n,1.8024516605533802,y,149.88696490271275,y,75.48806565682564
79,M,f,t,t,t,f,t,t,f,t,f,f,n,29.0691462159611,n,1.809007494819668,y,156.25984379100117,n,0.626775511521023,y,110.66960440441217,y,10.381311471340087
79,F,f,t,t,t,t,t,f,f,f,f,t,n,43.36911869976513,n,2.9063277470802023,y,28.441364202419585,y,1.3959171233831458,n,144.37371817244446,y,53.69448701331102
64,M,t,t,f,f,t,t,t,t,f,t,t,n,28.137147937974305,y,3.4337020062628127,n,68.36104676455533,n,1.9793854938002227,n,155.87810527413936,n,37.944274399135885
79,F,f,f,f,t,f,t,f,f,f,t,f,y,12.005983303537974,y,2.1680151159277536,n,23.993253565454292,y,1.3048859689809988,n,26.585134122038333,n,45.75432190623967
68,M,t,t,f,t,f,f,t,f,f,f,f,n,34.024254517022264,n,1.468059164832751,y,109.66973359626073,n,1.8860626386611496,n,106.15975170827593,n,60.435391420044006
72,M,t,f,t,t,t,f,t,f,t,t,t,n,37.021447146323986,y,0.6302023498945183,n,105.71792542202255,y,0.8541747996761064,n,187.0827250288175,n,50.278605911506766
81,F,f,t,t,f,t,f,f,f,t,t,t,n,11.987984004958573,n,3.273929990670788,y,169.64686821125022,y,1.6399331134063784,y,70.92201651030771,y,54.03207764757239
20,M,f,t,f,f,f,f,t,f,f,f,t,n,18.948671420197115,y,3.257347145835978,y,75.3999031587889,n,1.296898630960301,n,122.83778853600077,y,48.68711245136122
68,F,t,t,f,t,f,f,f,t,t,f,f,y,26.762940929175116,n,1.2589705039677233,y,166.94943233835122,y,1.5807740920871973,y,80.15379148688027,n,40.95462219084078
24,M,t,f,f,f,f,f,t,f,t,t,f,n,24.87840341508558,n,2.5862333693199426,n,194.23527777916814,y,0.5935120437668622,y,96.31091472162893,y,77.21100986176468
38,F,f,f,f,f,f,t,f,t,f,f,f,y,19.541942502338255,y,0.7263036412693078,n,35.913480205816384,y,0.72160863785934,n,114.23459240824911,n,1.3190869245726473
56,F,f,f,t,f,t,f,t,f,t,t,f,y,14.951995208014612,n,0.9986462957277588,n,162.52721110453393,y,0.6996753928812174,y,114.29517617890568,n,59.88442585040218
35,M,f,f,f,f,f,t,f,t,f,f,t,y,5.089245869376982,y,1.1504273197594737,n,126.1920614847745,y,1.5307482581049967,y,48.32878784274481,n,56.59428389756509
21,M,t,t,t,t,f,t,t,t,t,t,f,y,2.7689163076937082,n,1.3834818405182896,n,106.40827406332552,y,1.766661008950443,y,140.06859409716833,y,71.64628956582192
77,F,t,f,f,t,t,f,f,f,f,f,f,y,47.9312206944716,n,3.487494125088112,y,95.69644015971352,n,1.624424348012881,y,26.694941136104795,n,59.94303354125492
31,M,t,t,t,f,f,t,t,f,f,t,f,y,42.37244289036993,y,2.5907751675914445,y,161.24028750997573,y,0.5457082291003912,n,36.37670695398387,n,82.69720289812692
26,M,t,t,f,f,t,f,f,f,f,t,f,n,17.80976900408976,y,1.6526054941376598,y,135.08504425536364,y,1.8008224716120849,y,10.515070888722637,n,95.91157197694638
70,M,t,f,f,t,f,t,f,t,f,t,f,y,47.84436416781017,y,2.7113021175290575,y,164.90804015348513,n,1.0312200061896881,n,32.17225218691945,y,34.31817329213649
19,F,t,f,f,t,f,f,f,f,t,f,t,y,33.870818230772734,n,3.245763025007319,n,182.56719056179273,n,1.0957457487561237,n,99.90157819985953,y,22.812363204695707
77,F,f,f,f,f,f,t,t,t,f,t,t,y,24.17779538716786,y,3.3761072222235384,y,131.10746817751254,n,0.6573037497987213,y,125.15935740060934,n,42.41732655580624
88,F,t,f,t,t,t,f,f,t,f,t,f,n,24.701980322813068,n,0.6735916932731222,n,196.48329051662802,n,1.6061078091407286,n,160.91499549362786,y,28.864168685925044
61,F,t,f,f,f,t,f,t,t,f,f,t,n,4.255892118643456,n,1.6835653958243895,y,129.45581291753933,n,0.773425817713937,n,30.27285752155285,y,61.533531288950186
25,F,t,f,t,f,f,f,f,f,t,f,f,y,4.676036948198205,y,0.8202681978076531,n,134.59597789201086,n,1.3459476380282545,n,171.6382174031264,y,91.19405564341217
64,F,f,f,t,t,t,f,t,f,f,t,f,n,30.161802202465836,y,1.5069801943908896,n,119.86680953760062,n,1.7610649788168966,y,151.73515985425644,y,13.99770779489188
52,F,t,f,t,t,t,f,f,t,t,t,t,y,27.72978231205546,n,1.0090397116866967,y,36.38037638923945,y,0.6338064930680842,n,87.6184756578242,y,10.169380841287062
53,F,t,t,t,f,t,t,t,t,f,f,t,y,10.715121961709023,n,2.4405450850061716,y,150.75146587704108,y,1.3030033460232853,n,187.2582327489914,y,25.67595163218086
